2253673829,0.65285964409585417,0.33648170005477102,0.0022173003872411239,0.38423505220061055,0.19655361609326572,0.00052676833001686371,-0.70994157055328733,-0.11687075127221261,-0.73187502302797447,0.70429562394771006,0.3395062189406115,0.0025528368264506121,0.39647491022079479,0.15761588248491334,0.00067541182725582938,-0.97668036380222978,-0.3175948680128356,-1.7736643615796563,0.66312586184900446,0.26433119865446952,0.0024994211886470588,0.38957557329274434,0.1657156046828587,0.00076380167721216323,-0.80212526732378975,0.4914649925845061,-0.93561527814039602,0.47654594039241494,0.21273842721807157,0.0015711875170061756,0.26891135985780612,0.21326461069327224,0.00099160353867181784,-0.20357357013008648,1.9432657435047407,0.45825217936950707,0.47558028212256803,0.17908342667676416,0.0017350215735772387,0.32344424949193185,0.16367517820789626,0.0009696501026900616,0.0050197909557847869,2.0457219678420357,0.46724211596665993,0.56959547557452361,0.12122188520840804,0.002017433719140684,0.24969552325663832,0.11730938269111281,0.00083000400090846673,-0.81026984038893957,4.1276817817385529,0.19527851511838021,0.31578455837137009,0.32363255061811086,0.0022953165562317086,0.20477169569278558,0.19709385483048503,0.00072278718357165507,1.3648255731777585,0.017868582767541684,-0.37149699785870877,0.31435650779956931,0.30768975922463443,0.0022392823801892273,0.21380033165193432,0.19467643004050111,0.00081570814277113211,1.4370221609657425,0.12659966119268434,-0.26876560731577054,0.29135815551293431,0.32106669684169292,0.0024699303466286511,0.19854063639689415,0.18501273903423213,0.00073429204463916627,1.7819874100888204,-0.1145396864521236,-0.39932809110950951
2253686955,0.42627503790300625,0.2812043226874244,0.0022721635936594278,0.39925976354114023,0.20120367627270572,0.00097794481137897476,0.39577693567363909,1.1884730162704957,-0.66577594062133238,0.44574968651180874,0.25793093172152742,0.0027937886137466019,0.42576685945422044,0.1660728687237811,0.00066799184138598621,0.2473817553061457,0.47073819974861464,-1.4996865341456984,0.34786570235966019,0.063780924767029734,0.003022126165087144,0.32164273145848049,0.09055662760936109,0.00083059711389979669,0.61735231174869909,2.3630371466752371,-0.63156831151604764,0.43065421682186944,0.17087948185828244,0.0014695129821405794,0.25315022944453042,0.16549699519985436,0.00093285178555452134,0.16191265618801093,2.8234859355086543,0.90279919173341849,0.4176869907535154,0.17348175213085401,0.0016108718453574943,0.27652319711810558,0.17694345076982609,0.0010434424719498894,0.20317967694230329,2.4473491071156293,0.53477434534589929,0.40093338912420068,0.12191957452171093,0.0020082723944826,0.28016663496554084,0.15087491305673742,0.00089503460615793511,0.31746405531305461,2.1194499495601078,-0.30565357409371113,0.50505563939456655,0.11988226586090259,0.0017922979028076622,0.1933507803643788,0.1100512493262555,0.00099464139041278705,-0.44083786529525498,2.7550276980416557,0.41704994786010374,0.46330845097029555,0.11488433820332108,0.0020194553323519319,0.21466505316725054,0.1314416897606181,0.0012788107314166885,-0.18989095450666493,2.4145662164966208,0.039521261600010224,0.45506237756877421,0.14321061507025429,0.0013266597725385238,0.23307290158020455,0.12374390228980019,0.0010918662587566994,0.026858325184597458,1.9573540221971137,1.2140012966777252
2253687329,0.24338358330695831,0.16801017856191394,0.0027650192679924417,0.25970369359935602,0.094568617786128586,0.00084282312718436767,1.3874299825686631,1.148172519154504,-0.69917784492772794,0.23999261760307034,0.13805405628924236,0.0024092819502913401,0.27563115028041907,0.10885048124186775,0.00066465026033995134,1.5104167083640707,1.3761518878093273,0.062442950151949068,0.54502496205295392,0.027372125796678082,0.003360307073691257,0.23157011409989792,0.020830450498291037,0.00048431712451635589,-1.4108790464605796,1.6510306904684258,-1.1783465318075925,0.28254315836656785,0.2493601266980158,0.0017493304868043389,0.28359424223881918,0.19212121145964461,0.0011443344280185732,1.1250185899768066,1.9951180138053799,0.10007942599712791,0.26830220087685769,0.14765508627976839,0.0019045309939973735,0.29070530290857677,0.14889054132004459,0.00077557956793949988,1.2676008116788606,2.6387845550190856,-0.20099685914469062,0.40720180693531038,0.045788923719915518,0.0022085519272530452,0.30601146189177403,0.039067320364195322,0.00083464708319835748,0.24908826218107921,1.8575763928426914,0.37572659073028858,0.33483240069465514,0.16137703055136404,0.0015816520093354701,0.26095716847526995,0.21983191826098081,0.0012408339203953001,0.68431323817108802,2.175568161479414,-0.013463894095437383,0.41584414994111091,0.084179864365163407,0.0014921015607428879,0.23689286585025723,0.087518112689469366,0.00057880310411210253,0.28991755723426449,4.7795172760794324,0.43131937432652939,0.39505212672518364,0.089093679904615475,0.0012407015516466315,0.29684417480398512,0.061689087410819105,0.00033240139044670732,0.50492390542252175,1.4835074140981603,0.42106189036062597
2253687629,0.27035633063502518,0.095780467608736833,0.0032037052671998276,0.32420921497863825,0.11693333173605948,0.00075620804933352194,0.95775480292579007,3.1186542090442155,-1.2602210648942229,0.44552470828248175,0.12854521842305219,0.0020418883240218653,0.25361559657435517,0.1434044161568761,0.00099318952355859341,-0.30633338429668361,2.9264897519151019,0.17483758602693444,0.41139202014527942,0.10411165019375659,0.0028681383207487024,0.25787515239371073,0.14515445674003771,0.0009213584142729322,-0.42897151548947693,2.4798995440499878,-0.57992917598401561,0.25656889272827865,0.15190586327258726,0.0026643489298300662,0.29179597966895121,0.12648629692462809,0.00077973249636843853,1.1775334002929374,3.4572257422387835,-0.73571535129160737,0.41164759696225761,0.24581414180663624,0.001643969151789092,0.26200440715638057,0.27359590036472253,0.00095365419208788213,0.017199477940082242,1.4740235019939081,0.47611790874348864,0.51181027033204374,0.21732584188614676,0.0012622406811372262,0.23403604481590246,0.2031403589774505,0.0011117196690040984,-0.69684898453340149,1.8346518942003225,1.0207096950867907,0.27480887766649031,0.22405298356567191,0.0019547291347183616,0.28209505629385945,0.18990737217707571,0.0007946779582781847,1.0923588235096073,2.5696895282996808,-0.41589121114559391,0.36339532942976938,0.26836563340026637,0.0013359568544218093,0.26796906218911282,0.28421747968912753,0.00094305765366358384,0.42139941860881019,1.382061581924223,0.47876512944843985,0.27744360160300713,0.36860267612652542,0.001156368349825057,0.31756793120949423,0.28431932652966424,0.0013731232067885272,1.022925601582533,0.62805747265424317,0.89479615628531484
2254470704,0.29015048770021351,0.39495765562160257,0.0014372251345197997,0.25249532087581006,0.23143232194611163,0.00082175673827637817,1.5616592003792451,0.49862228900005195,1.0628358063846481,0.29514760086568814,0.3471474830799921,0.0015121071928880919,0.27873513227117125,0.21164056793887551,0.00093502902682785383,1.325385440157401,0.77199854134249435,0.70784762902368814,0.34598167329056156,0.29171083642311957,0.001628690616732597,0.28445009542604238,0.23593295888802349,0.00095172298870597333,0.74791740731054268,1.0196315742343973,0.44631086047297169,0.27823771656771895,0.32323251626410232,0.0014551455967003564,0.30355398700936004,0.17753318736800547,0.00074157388866881511,1.3186365615730364,1.086917962068795,1.2077463034543203,0.39029813450556827,0.21689418754117054,0.0013185865394982677,0.36838086365856132,0.12582405765578517,0.00085068185571332902,0.43072528930348541,1.303958273827581,1.9491780982108591,0.26530556489714341,0.28500327126949399,0.0015273567460650503,0.30426374121272287,0.14825588341986279,0.00077037371054938244,1.4757391537630136,1.3274769587794786,1.1096370737939356,0.27572872554231104,0.2426957160072038,0.0020174693109226891,0.26476230870791023,0.23543294286905347,0.00096835667517682533,1.406965917984198,0.98548370910997019,0.015293096355617614,0.36454724877322631,0.20857116709367565,0.0018829054273222475,0.32677246471262866,0.20513557042753794,0.00094029292058168978,0.57596417196574712,1.2163754476198503,-0.05313310725241642,0.28860290154400231,0.2169986283603009,0.0021523280978583592,0.29632999800110094,0.21307674103353025,0.00094167876671922635,1.1727046976186237,1.0748387316377264,-0.30814085246828637
2254471846,0.44484077021043378,0.27176476897812807,0.0011312763747092142,0.28830032161839092,0.23443758961342193,0.0010896774834728701,0.069837097422058431,1.4021716692814246,1.1220038519478757,0.45591967646070874,0.21323305298645945,0.0013619659703776651,0.28992740346590523,0.20447670888870118,0.0011462857938807122,0.031080920630489013,1.7995913639078218,0.74894423693490519,0.48414439686111432,0.22725381511015089,0.0011893795781899382,0.3269167157862396,0.18582671213890642,0.0008836168852147376,-0.066052476418764272,1.607248876148089,1.458968409904654,0.55339566458680911,0.12230669847928498,0.0021420188582330448,0.23928530948645266,0.15457697660358544,0.0012530550148463144,-0.81266954099237099,2.4337358531230526,-0.51489455111820681,0.56762483585903578,0.07519256808402508,0.0024240031023987532,0.2627106264916752,0.085045780662124038,0.0010321237421080372,-0.84876194161369656,2.7568683760482786,-0.78139594406071189,0.59120403406477462,0.087375127143818995,0.002336578933879016,0.18769404954982105,0.090606728230808994,0.00086084531747749422,-1.3697568382261369,2.9377221105429188,-0.9916670040169111,0.53272425764908571,0.040766807479308595,0.0031896588122524885,0.23330452569927787,0.034508004552389587,0.00051271816995896368,-0.80386755488426143,1.4579682414997583,-0.60828746767603026,0.54293676424684356,0.056061633544932363,0.0029706641783254478,0.23935545329523003,0.038398046937572039,0.000468281141023394,-0.89365252691764152,0.87930603387990736,0.39980246599031061,0.61093695714245144,0.071895943003198098,0.0026408872609954659,0.1540677594725518,0.042416052569050282,0.00040854306545249003,-1.9549050574255902,0.92281520538489559,0.57497625050013201
2254472196,0.49855573829192784,0.22103644351451904,0.0024951461071882545,0.44236785057608596,0.15614182244649821,0.00067345343890420992,0.0092968292148035512,0.59560053581577144,-0.92957127985693466,0.38130108548575059,0.070045460103246304,0.0028169629313878411,0.34377366926624442,0.086488769917971484,0.0009273908579278009,0.39854463170758431,3.2835752508426261,-0.63634322096270468,0.28423487565616684,0.0375362508162803,0.0034109028254610077,0.30183279085454073,0.068761359009703843,0.00067504561151364982,0.94245431615943387,3.8741753663070382,-1.9640538314619485,0.40721846504894288,0.18261163489824367,0.0018032901704167778,0.38458355389600912,0.13472395079536095,0.00066691790364535695,0.4427048530613209,1.1296530534865024,-0.25330077206588852,0.39724152307764354,0.12627082203294693,0.0016081063639046542,0.3314432821825245,0.15013307257948796,0.00090171861810276605,0.35560196753840595,2.7458413974276681,-0.18104996843440777,0.26200608351065641,0.14754033773872788,0.0024876504779226772,0.29221622191080626,0.17162267021185937,0.00091237287088118384,1.4247866493804395,1.3390504956117659,-0.31713243499352362,0.50431111948469087,0.17814916417455864,0.0013990819303243355,0.15677595068312394,0.13604499424700317,0.0010376212400716438,-0.91273828946187874,1.3801973652734825,0.58845607804223266,0.43577881628697396,0.15475272922072028,0.0011483896892336041,0.24218058978942422,0.18033642163226116,0.0007900419240562547,-0.13467839275750065,2.7454312502154012,0.5332099241197249,0.45016705632143761,0.15967962292175694,0.0013170682957738451,0.18439926754522803,0.14197073529238688,0.0010016584801005464,-0.19635960993534815,1.757379723277593,0.61533353416362091
2254472786,0.48582087841016386,0.18566505884458256,0.0011519117502785049,0.23723068672924028,0.14828828446936282,0.0004768156968807127,-0.21290805042135469,2.1484885712418387,0.62139150513313979,0.43343234774766387,0.098503976409456032,0.0020589347537301904,0.30575319068268275,0.085218243329526933,0.00085541025674786182,0.16067139503685621,3.9301704401991979,0.21524499853302784,0.46589466961911746,0.062717644430077255,0.0027940753818178413,0.28681884442387473,0.068244859352190268,0.00055325038292820621,-0.082698329691063791,7.4486762656481051,-0.86605888144877952,0.49458944376345865,0.18723736014343084,0.0013404353174912848,0.24398876182235918,0.16113771320415143,0.0006831423340413358,-0.37739415530870207,2.5115734250785908,1.1409232724590574,0.42921521421193704,0.091513641615756564,0.0022637202060876169,0.31395493780095018,0.099168400389513606,0.00090621460218660561,0.14747339079816307,4.3698356710796054,-0.21576770311311086,0.45067482274003612,0.10439859220925558,0.0023104278099133459,0.29516722878403268,0.11762872667949496,0.00095240856907725794,0.017728752079167312,3.9295761361322548,-0.3001369125180936,0.49798666802888925,0.23482208259490539,0.0010782118475228697,0.2312800429100727,0.1930453080271636,0.00058402615910091774,-0.3087409351687278,1.9645568639865991,0.95285921369929516,0.45066155655710666,0.15123305148897706,0.0014929893214739598,0.27099320150180872,0.11259072011731512,0.00075444951958617988,0.014310409871879849,1.959389163751059,1.1011311191372797,0.4358961911613457,0.12928088337129454,0.0018810144867958752,0.29862869233306277,0.11368177086327005,0.00092123680759368754,0.1866742556199053,2.5945067362159806,0.32679407275191447
2254473016,0.0059231891085689747,0.0026676002886426276,3.1199247549057469e-005,0.046644396204871194,0.020578192329107958,7.1750017588209544e-005,9.4693404835024602,9.4064323650631376,4.827828997480661,0.16289306443134297,0.0425575975660809,0.0011513295704176792,0.26496649964768648,0.088179800734605962,0.0014018251323079816,1.5970125048829942,5.5797676977702473,0.78883791291799132,0.041223199665660418,0.0093981068051260802,0.00017960731739576015,0.15440465454044711,0.042860568154088841,0.00054272737434855986,4.1113700401671123,11.083445160292882,3.6512454535642092,0.12480367539313147,0.054394616686322943,0.00090669250833410871,0.19878933551841599,0.070010277948217056,0.00081243976334918809,2.3639394213087654,4.7024695338468199,0.34692901078194527,0.19764366849230122,0.066152315851034219,0.0029412565520976061,0.23886075328392017,0.052959251492221249,0.00071507884421558965,1.7905255340275985,7.5781959061310129,-0.94767566757870236,0.17201857800491638,0.070957529715229173,0.0011283855824507567,0.22208475921509699,0.078262309267971161,0.00093523845112272394,1.7569725138906385,4.6668636276464488,0.26109526270494327,0.13094528554228557,0.05510175754888666,0.00032260238567139002,0.20250241614429457,0.085288251192372336,0.00062986165480189902,1.2700387121007437,1.4399870986363117,2.8606704035676165,0.16836382720026755,0.065536491874323685,0.0010882400862967591,0.22844181765465349,0.083345143323721588,0.0013837124917392047,1.3048604829738006,2.7424732446566962,0.8775925637408476,0.093692658819309133,0.040905152362106123,0.00044145809056229241,0.18667404625503048,0.072207059196182671,0.00074275779636801963,2.2058950903509098,2.2283477002290586,1.9096777917807775
249859943,0.58502236904502347,0.43729093871922237,0.0033441794204095271,0.080171452531183449,0.21848095203819257,0.00036584516596098265,-6.6658450129600091,-0.86706513600571566,-0.11180844037409225,0.58144333788777669,0.46698007197490171,0.0029667321326648241,0.083701961561731889,0.17100538574155424,0.00083994567533549329,-4.2684687186071812,-1.4375409830612473,-1.7040693253899095,0.58981724081116504,0.51334230738893971,0.0032171040477185831,0.036085276382444145,0.12940667133796824,0.00042992383546349257,-7.6367977364181359,-2.5667378603917679,-2.813170345578019,0.37801856511045073,0.10229949435653342,0.0026814807798148125,0.24454035353811221,0.099747907535322297,0.0011769052816315536,0.064634619948844438,3.2129065039838469,-0.74892752396272277,0.26151984042641452,0.092299581166840061,0.0017923823061761325,0.234735214646136,0.095309801346604966,0.0010915992424942978,1.2846644963909852,5.1137843254336612,0.5318644976829292,0.33035718093227801,0.095151717986155168,0.0016432883318470493,0.24444066941149417,0.099430054707930218,0.00090824966378219693,0.54036667836528063,4.256162061777367,0.40565184774744967,0.38239291917353047,0.20615080802766914,0.0011371192972717383,0.23984358340629319,0.1919093795308959,0.00093823386249290393,-0.38826828574793693,1.7951838384679579,0.92800585606514996,0.32084697406572105,0.16261057372357149,0.00084217274303536433,0.25432585838919058,0.17609854870689112,0.00090871605119297212,-0.036951023956491781,1.9982477308608579,1.2618032852394034,0.41963865862087935,0.18979497785235686,0.0011435883578568874,0.21493393779881492,0.16141946957438533,0.0008612442812332531,-0.55860476431787065,2.4135670903172906,0.83517088966758402
249864046,0.24543419078310949,0.059565172481877572,0.0033815721464610748,0.28147627061117442,0.11192566885262298,0.00086616225772754066,0.53843187556504246,2.1265131121196208,-1.3451595947319703,0.27649025414753781,0.058003645125700082,0.0021126951233640368,0.2449804565281026,0.079671588992627149,0.00079861616171424121,0.94671773058304898,4.8935401218632677,0.90810744121139564,0.1491108709986245,0.0452808143162007,0.0030952723614076001,0.23949176708371742,0.1030169492474612,0.0011530015032026352,1.4673474812829943,3.6645903862573692,-0.9135542160701563,0.40903638491914945,0.071472547397235672,0.0015000476802763823,0.2656795714393968,0.099595549455274282,0.00070906971242806587,-0.042532316527791457,5.4593523852604129,1.1241299413368748,0.40301796599258782,0.093068334272785797,0.0012593841864135932,0.29752769190354611,0.14456936963149394,0.00071516224906492502,0.11909858917118932,3.5473224809997275,0.0010418873466449864,0.39290791314363505,0.072563348749033293,0.0020990344890214159,0.27868993970476708,0.087045017124450244,0.0010714852645565803,-0.17253777935435141,2.6849950850574698,0.68536843150828441,0.42213166736916197,0.13182326772424188,0.0014486638247645897,0.26319323961538527,0.18432622890086023,0.00081824588865105096,-0.037976912501865481,2.981368087939491,0.093966665776231431,0.42743450267281569,0.16944980162109421,0.0011633870492131723,0.26817071473119625,0.22086487449581618,0.0008910767586861923,-0.20465153025723823,2.2201759924955198,0.52084383445781279,0.49259527130646791,0.19359112268189851,0.0013771370545201979,0.22045517428392458,0.20558454329522766,0.00085210882529345767,-0.48908252409943737,1.8341627848687749,0.053843591774623924
249865562,0.36813223792678573,0.04454690613108795,0.0026895046928144834,0.23012316157810467,0.055956551341594878,0.00052664383184952528,0.3996852244108911,4.2035128181265655,-1.8091643329723777,0.37296779786483342,0.075175646490597992,0.0027982126722351161,0.2583021369653315,0.10787273900987461,0.00072741180290212799,0.1189960284115095,2.142011018751699,-0.67793066132972268,0.29354391066283197,0.15057183902533156,0.0029321114979683305,0.30001241252029426,0.17097022337800469,0.0011042338669970452,0.087874916685251658,0.41186662245768701,-0.39395158404655722,0.45188504569142535,0.05896944633840235,0.0019239625815461988,0.29634533117425588,0.087500023046519132,0.00079742728341107702,-0.11541637193650785,5.5446969822845826,-0.31901743194513837,0.54057907923238868,0.16506362520032961,0.0010764109033595767,0.22807617500746294,0.12848969392245682,0.00085357213982448514,-1.1020332373878952,1.1862969519922311,1.2549842963841515,0.51552895859688963,0.21667343547302056,0.0014180289611854437,0.21244473562125774,0.13011741540999652,0.0010657996466803404,-1.3769835317752328,0.018142360330274474,1.2396662270856167,0.44457574765942881,0.18391645686258584,0.00093402903064025104,0.25823977056508846,0.18782306607860677,0.00068807074153535584,-0.24153848547782392,2.4829999941388294,1.7271439287427888,0.41442816778175851,0.2104171484554602,0.0009919175385190394,0.29910290298076297,0.195696141163791,0.0007947544039331487,-0.059196626728202702,2.0804753366108248,1.1132665237799615,0.50178621657750744,0.18215126609061685,0.0016020928781276763,0.24513414549092885,0.18109798244098188,0.001249903205894385,-0.72295566613319584,2.2129446179568335,0.44875047733594275
249867293,0.4759862143181407,0.2645552923967418,0.0018249589556843494,0.24799209122103752,0.22755412980809606,0.0010936818428606446,-0.86134381761631984,0.22204272337796016,0.65240337767244472,0.33001584004818818,0.067805529612790752,0.0024345978762942882,0.28469157077099488,0.079220650974387338,0.00080984947409661805,0.87272410427006997,3.8669085517097872,-1.0096851092292358,0.37737855223793626,0.04605410067421678,0.0028440670902037811,0.28143372787864379,0.054543115614619143,0.00081240982176532901,-0.095713618731645744,3.1907355076358752,-0.50637453445430536,0.43552892197902959,0.07997086537572709,0.0021802808664453197,0.28300497617331455,0.12039014780397075,0.00083320306680794809,-0.069239415066169929,3.7893004014305549,-0.68100978159909287,0.36962674979715776,0.078622834279829301,0.0019653578576980979,0.33281665129138055,0.13417174677923369,0.00093184867783487741,0.56283081741872332,4.3343390788696814,-0.21107065209535181,0.47180721075804977,0.076889432788711951,0.0021540771797112926,0.253548698733643,0.11067794769272024,0.00069395577799862614,-0.33626927211095198,3.542008551576254,-0.20357282708946101,0.45205707906226644,0.24883641871537429,0.0012320013947910056,0.27120155816617025,0.26877810719132222,0.0011658028400700527,-0.31742230683222394,1.4548563754498032,0.74070473087713662,0.48746456866387716,0.16538744768529082,0.001209841951387604,0.2619792987840498,0.1581288178641235,0.00095742667884663141,-0.39419021030749846,2.5482442306247757,1.1839452716422052,0.53314356463453205,0.20558054222857933,0.0010721617530559668,0.21220993252806525,0.15962070771336304,0.00088519116047778125,-0.82183108660913495,1.6882097581066795,1.392497241504109
249867967,0.5375294634593144,0.080904006722614136,0.0035485545503675178,0.12736181871657254,0.051227367847984998,0.00023635508254612558,-3.6719581730953594,0.91256932980927175,-2.1232674136628127,0.53948700774276137,0.14985948391775833,0.0022913979010458132,0.095647205924047032,0.12728700041293289,0.0011900737910365525,-2.6022166546123122,2.9736293864213033,-0.3762135940125042,0.56335322335987781,0.12219941219533575,0.0028279109634970277,0.034191145834115116,0.022909790614383693,0.00034185054351487665,-8.1982531034976276,10.036644678552641,-3.469031830934354,0.51571795761272721,0.093463173223256216,0.0032392797616507167,0.15646586650478753,0.12881919215234955,0.00085567872678215531,-2.485577338315506,2.3639307685937387,-1.9703404430417764,0.489435451643145,0.2102578035911421,0.00090591762439706834,0.14397131909114391,0.20214896420253428,0.00062853377977968052,-1.2600235311946337,0.93964385124403049,1.3074956322266589,0.47445379491131578,0.070338703240045333,0.0025294011634393182,0.17278245174769713,0.07148889101512497,0.0011660904510715445,-1.6194279883645439,6.5148508872394109,-0.42057728968869074,0.48433263290929768,0.18443223502871761,0.0015216229100029606,0.16972266105820788,0.15025392378996991,0.0013123806048986513,-1.9718269606035781,1.6833209540662597,0.429560125927819,0.26600723541662158,0.13327019975382012,0.00031474372023045305,0.23432783108355143,0.17312246813214874,0.00052182398621414294,-0.0499069613090918,1.7744143949443867,3.3389982714929904,0.42920513513028902,0.21015697677204903,0.00086424168162214021,0.21028054091930939,0.18872891483195955,0.0011709822447460811,-1.1214300807708499,0.8962710121515356,1.7977529365357865
2956379198,0.52087658586877161,0.13543317118038767,0.0023512422091178631,0.35014366902996213,0.097997426591103151,0.00071371333908994063,-0.15263976021537271,1.1112442421292867,-0.28202620050381533,0.58170738945087352,0.10727369543491391,0.0025425242728961935,0.2407905643454909,0.071307557278171549,0.00083283504039546614,-0.78632582616089297,1.9363751001034057,-0.18505734972993793,0.59672726295987111,0.070976625660434584,0.0033639756648308141,0.17169874398589019,0.031474640978121707,0.00060821012711869933,-1.5083217364569346,2.3469803507384044,-1.7152593392753404,0.56033003484628074,0.12426493774765145,0.0017892878867464023,0.23862943109060575,0.084519796452496632,0.00056055052592481275,-0.55426691298152786,1.7299274549765957,0.1402934072976022,0.51319646004855701,0.1325189007645412,0.0018656638021129512,0.28584264731983056,0.10488482478253085,0.00067427753522453617,-0.2755448207472696,1.9105189906259989,0.26145656751356194,0.34181408915000561,0.26912985918597704,0.0024494668897660867,0.2849140125157727,0.19792740301023762,0.00085923166885147541,0.53483973389411799,0.42136362734483945,-0.25026090709867271,0.5824895553455155,0.17820238906494207,0.0017164213655636842,0.15650331277522114,0.10776246280290586,0.00073331357861156012,-0.68355169166974294,1.5225659205454427,0.48128549603430271,0.5593725375629246,0.1470427769614383,0.0018534596661089254,0.21080323055475828,0.096498447367537668,0.00084179285658697687,-0.65103419331602042,1.8403086466895626,0.043693611306474943,0.56470913544667245,0.18769498402257784,0.0014441222498388024,0.21906282321645407,0.12998205298618512,0.00086369134738807478,-0.52170687043503328,1.9825567042678547,0.50235745943998089
349710532,0.36031656279959495,0.23887823178262316,0.0013975408061686193,0.26259808472989493,0.21217064183769546,0.0012304195756967977,0.37074917131146584,1.4131885690786457,1.0013933653465559,0.44114149258736951,0.28720540834344949,0.0014034322629791676,0.33411790243793554,0.21648916438221491,0.0011478469234284644,0.33118229612386479,1.1376146260829916,1.0936673135089823,0.50876712562482485,0.22723569889995199,0.0016632349833250746,0.30150731757202187,0.20259743150918805,0.0012909107267745357,-0.03049819077595543,1.2329372713646547,0.68415585800779999,0.3382097654880537,0.28237576899011774,0.0017686486891052211,0.23027176482032419,0.26904679717933816,0.0012822705245696953,0.71558676920140862,0.84446103516357707,0.58424208780230691,0.20489461124933686,0.19565068542723896,0.0017614911817674019,0.19833041753654923,0.18923050393099103,0.00072766746525584328,2.6459527832722598,1.5784127995215476,0.76751731511542276,0.33003858023543942,0.21384392673990382,0.0020026875354502084,0.20944147859528411,0.19384342173538416,0.0011664405814035014,0.93384894132171625,0.51108181144510112,0.55163369847238619,0.44408705437767604,0.15603818661855759,0.001908352534463984,0.26477658983755969,0.16728832663988524,0.0015490066208129947,-0.26071680165941102,2.233252693430571,0.32338904298812854,0.43142463083612415,0.13031910780889175,0.0023999569034365313,0.26512701336152006,0.16632894311368798,0.0014603327377471207,-0.22825268494814535,2.7627298598771546,-0.19117512808905582,0.43475464401528358,0.1074533039956103,0.0024527674809479614,0.26565037703172523,0.13392017132321296,0.0013918443119791621,-0.2257689706165982,3.1749621014597911,-0.18321551056255231
3737987400,0.58512063042472662,0.31949320369013989,0.0032210308381687256,0.03875505929398116,0.072220117467583389,0.00085380014091416797,-5.4928496450696551,-0.30722018378261406,-1.7379999168257041,0.55295928517311566,0.23121818019629045,0.0029412443492007551,0.11614028221374716,0.12102154816056858,0.00099725568429258056,-2.8009811564315932,0.3764385731776097,-0.38308156883241123,0.56325767277288552,0.15226279344987398,0.0038980068678409036,0.036625017976980902,0.029977488367596831,4.3108790522876924e-005,-10.781028916598949,-0.20399011372506196,-10.866620347925778,0.51460544738802372,0.33131454233369662,0.0013700847971660941,0.16665968916312726,0.20355346306119787,0.00088103350765961761,-1.4610013743401924,0.38819495712149732,1.2618705704514113,0.35981581066337126,0.28965448125581889,0.0013790956194321719,0.25073893184134471,0.20745044626437556,0.00095733808745218001,0.047537775073831237,0.78364370178768961,0.91519037864309072,0.52967690976493609,0.18483382966682271,0.0025157725617004278,0.13780251955824277,0.12184083608883861,0.0014572702492893401,-1.9718864364250663,2.9985549091754788,-0.23769915732607269,0.1941445862621187,0.56103077682424696,0.00010087117750301971,0.096676219503395791,0.2855224956966414,4.1312585413465893e-005,0.72221515711076167,-0.36985845470555706,0.73748769381084067,0.39695009572206946,0.46094696301261862,0.00092989987548726903,0.18534800755564712,0.21193468460631187,0.0010712172590798593,-0.16933006227146999,0.76258770385882135,0.92459939017666737,0.52324771162331274,0.33421298910191954,0.0018108971511143763,0.13958900293111365,0.16747376166489045,0.0012775317494383865,-2.3192695195366158,0.64199470840886341,0.58773167981718244
3737987786,0.19006492976188566,0.24145597074095218,0.0016102139058465034,0.17419110997330881,0.12115900123124484,0.0010242637360039469,2.2577696953960675,1.9388983902172061,0.14734185571071842,0.18220043664692862,0.28575952533292415,0.0014187885915017738,0.16618219757547084,0.151007408201042,0.0009794218300576685,2.3711876811066195,1.9141116236934728,0.3090635572163089,0.25671124108201843,0.3393377429249716,0.00094320611737314531,0.28058586233939453,0.20051757690163619,0.00053613600484940353,1.5159621326299368,0.60190911624043431,1.0574809542505668,0.38752565634314867,0.132269783491028,0.0013602355342097177,0.18050945336428045,0.095269558073569197,0.00098276331682537778,-0.099491923376078026,2.912392914276555,0.22982458956410684,0.42263924514981993,0.12221707354657808,0.0015229728554445811,0.16712305667165261,0.1014140179429398,0.00092999894458352481,-0.25725550835929351,3.5512890471579137,-0.022649702639830807,0.46788545048272573,0.15592955536434872,0.0013224823142530136,0.13286373637620405,0.13679493415563732,0.00088739375048815696,-0.45363056108829963,3.0769224008190164,0.36755864445329756,0.57490101272476068,0.12075389627388186,0.0020961510462344638,0.034292957826320539,0.047003548176631577,0.00043299286074917744,-6.6217738525219429,-0.095894487068373113,0.52539338249867495,0.5752841721428873,0.11628359887398464,0.0021211741027178928,0.040255397165914981,0.034352409745675848,0.00026365277376480008,-4.6698829944648548,-0.37004406972828147,0.48142741680980289,0.57062444000925028,0.091220822565128715,0.0020749195314301644,0.048596582501168675,0.044891889335376127,0.00034578569420553652,-4.8969839759534208,0.3629897939174962,0.2628918786581817
3863331183,0,0,0.00046613336978951604,0,0,0.00041941718146844151,0,0,1.3640866867381709,0,0,0.0012943397393307807,0,0,0.00058507039183461774,0,0,-0.24363849319348227,0,0,0.00091775270497077292,0,0,0.00047301485019385163,0,0,0.26957430399773979,0,0,0.00053886796288930817,0,0,0.00034195128497671899,0,0,0.97217920036599126,0,0,0.00087425066288616515,0,0,0.00063836797979282081,0,0,0.67286646244408144,0,0,0.00075621458787337537,0,0,0.00051959517223219267,0,0,0.71603948883759605,0,0,0.00030846705295365767,0,0,0.00030509424629071282,0,0,3.8025656836971029,0,0,0.00061773617532987727,0,0,0.00034109894106254106,0,0,1.7897175858802254,0,0,0.00024634798637379742,0,0,0.00023323976303220905,0,0,2.3748559628276129
4714741475,0.11277529103562782,0.65167227133191197,0.00026517737721988018,0.17549026989058292,0.27205470550390315,0.00021299349208236674,3.9528801139918692,-0.46901459818527025,1.4719281345468782,0.32225976217549185,0.17323272097776291,0.0013648983481820037,0.30928404310515406,0.22676667004308446,0.0014832438188670069,0.12636027450493262,1.9859146095252689,0.50440247588888087,0.013519704670221707,0.026323270792395475,1.4475163166620128e-005,0.094530267173690966,0.12215388154262601,6.5468797662763875e-005,8.7382955659553812,5.354079260566615,5.1928262224694057,0.11123210653074896,0.62242100259784716,0.00037932065028902342,0.15992838312651145,0.26725885356804341,0.00035721132223519823,4.2937999164341134,-0.30919927826231319,2.4292976467914542,0.36227234941497416,0.26633676683742086,0.0017821077432169782,0.26666961677603995,0.1745620398017052,0.0012457669411998532,-0.18087874934024659,1.0310334808649708,0.13599988806973334,0.0038938745109470584,0.013039876942089927,7.0766776746599654e-006,0.045156276497778994,0.089150142869691446,4.9018460052703937e-005,18.23877276899232,7.9306427416021981,7.697729630592594,0.13381218101967324,0.67138057600577083,0.0001911698307234236,0.22004840516650054,0.30719405328274418,0.00022600666048183131,2.9243647797857304,-0.70088651817766046,5.6380541296880642,0.098065517745103165,0.31682364458277384,0.00033574560266893622,0.18651972740244532,0.35623348719387765,0.0006241103626793735,2.596769473450335,0.58071343322214475,3.0512543714030542,0,0,0,0,0,0,0,0,0
4896210781,0.37381642909073814,0.097189196428151714,0.0032464621768801038,0.21741002447189181,0.091420372800202224,0.00057780015957859139,-0.34135296012463573,0.85272170841282935,-0.24452355876007317,0.17531937075178505,0.028647217526674321,0.0037842956753711319,0.25059138921827329,0.055760101226197643,0.00028242640382193987,1.1592225059900065,2.1104393292568986,-2.5181208733862883,0.47263002066632948,0.13210583046159666,0.0031718240366200882,0.19794068602717294,0.093406120352808861,0.00059008133909309855,-0.42892037754435153,0.13748355921389285,-0.36454075250453327,0.38078979137776031,0.17141888564924121,0.0025735434006059735,0.11234586832034825,0.11402742133640276,0.00048673463630939884,0.31635987303867524,0.4936335189027285,0.25889274433852194,0.39504652907269749,0.12984267892714713,0.0027227903496850905,0.14419824788444741,0.10967613995597282,0.00065853343778286659,0.13112557043050785,1.2020854983810372,0.27994999425826284,0.42740786454648877,0.1716466178626628,0.0026302541637109279,0.13669145212397016,0.11458114137508857,0.00065674211237931037,-0.0043375206596779712,0.88546597347960621,0.490117530464865,0.19713106936078256,0.26631547745704304,0.0024370141133873116,0.10159181800781648,0.085695418935951145,0.00043327461642029153,2.7931117706657891,0.0515159279153821,-0.32706457024568053,0.24704587359998861,0.32545361645454446,0.0029713174600596338,0.023704867121974948,0.060856808964371636,0.00026347160291404024,-0.14487814131037452,0.05253621549821072,-0.080423911961451988,0.272869830713029,0.36441697185250105,0.0029103288189988911,0.024148657664732807,0.071143653425420006,0.00026838097109063231,0.10753835684588503,-0.006430604716090119,-0.124711390289449
4896806270,0.58861473403779829,0.18987930997189226,0.0032816562968739794,0.018534574890003919,0.027793780054549959,0.0004889019455031838,0.19336773093911369,-0.30342185459014231,-1.1125753855580953,0.57989204887015156,0.17224153155666666,0.0027924448523770477,0.042137637830934369,0.042002856780847656,0.00057214331997864883,-2.402122767237822,-0.50736924618216939,-0.10963296349848695,0.57587202392499293,0.22355784302071219,0.0024995203181153555,0.029816416746643863,0.051277866452073245,0.00033726348246484957,-1.3721332374704649,-0.10537982757712017,-0.37035206765016515,0.56242010453059321,0.18012789139744001,0.0022877847631734031,0.042850330802149804,0.050027721708337941,0.00049410371115227712,-0.53347578566177301,-0.15402634169092044,0.9180392428880344,0.54166324423805678,0.13103291927376151,0.0019922813183084016,0.073233113547910261,0.05040208314437758,0.00039194007024192655,-0.78729316270571248,0.24038025206505734,1.5132128507950373,0.55461544271604979,0.17599330452055556,0.0020872921754544159,0.060140354401364039,0.059108095402399724,0.00044542501631410767,-0.6683391846141209,0.35185249593128765,0.53829781555869038,0.54293263879533304,0.21143827652532049,0.0016884012649521975,0.049700347999529569,0.078822629698136887,0.00019054878520557584,-0.51104044492881862,0.56441252751608106,0.72445774704751775,0.52722947588077274,0.15165697909599057,0.0017224974865211076,0.072769405302430451,0.057829067357351153,0.00023797940805532153,-0.5442696574537178,0.36463586676068621,0.50026303999853483,0.53354934033136048,0.2108065790935949,0.0015919671560053884,0.063763922005923443,0.083715530912258113,0.00025836466862254787,-0.13442663922602444,0.55110299178319255,0.40288362891422108
4928651915,0.16028781822075649,0.48021776907116082,0.0016018879520877146,0.27214781767030849,0.38848731277167348,0.0014579870163937206,2.3764633497955905,0.1730006308034705,0.43173996434116457,0.10706597630203037,0.49438668090786314,0.001237033246512311,0.16828997571760651,0.20858931763162109,0.00086409731683168001,4.6173601253007881,-0.5632758221956734,2.4313804908058976,0.070232684389530634,0.86091848597648579,0.0004087390548596558,0.18315816972588209,0.18960571196897669,0.00032667438052489989,4.5972081932034294,-1.1140083925337823,0.7300603822710211,0.28113334454082606,0.056643595193791023,0.0034568150927868674,0.35209875249221573,0.066420875141564889,0.0002474897173868056,1.2154867639979767,11.474557883654118,-10.353069859334392,0.2243121196979958,0.069813135792142253,0.0034120205663035032,0.30625944077944017,0.079682413409798786,0.00075272062350027963,1.7203514956677681,4.1306639063539023,-1.7136991495055331,0.057384003642296864,0.75831264493928119,0.00075163082815737079,0.1154211937364861,0.3219166979187601,0.00081163761931061238,7.0999602385187464,-1.0313492763411232,2.2345382632609372,0.23753309863584304,0.086800069053828532,0.0030833983137581278,0.33150000914844335,0.060378600204950707,0.00053606538174000296,1.6004489514146325,2.2162125624269833,-2.0525776769032569,0.10600762311007084,0.28271157116839118,0.001690763574139911,0.17207195532586173,0.14036614127154926,0.00066368565764160872,4.5202665186552693,1.1224759105217677,1.7609393115141529,0.087929350314185042,0.68059092792106912,0.00067214532871945787,0.17670254971161006,0.28573516730869924,0.00050321886085848968,4.4900773773245293,-0.11547247224262451,-0.049299923271992778
5413298922,0.30102840027292865,0.40226975067163734,0.0012588340391565004,0.15877307027091586,0.21017037321849319,0.00083544093051622799,1.7696822290190579,0.55498868285623626,1.2906482318467323,0.36371101975693293,0.2965988196246348,0.0018784732335690724,0.18860665769590898,0.18532437080898514,0.0010567678139419129,0.68789745629130139,0.53373314227771562,0.49364741879041579,0.28804123880904453,0.35632742144080243,0.0013267629887060016,0.13866728999107286,0.15415315725775022,0.00073341732757592145,1.9360686618811096,0.63037014790093093,1.4837843173756713,0.39751845088468146,0.30368359692286673,0.0017562683420023636,0.20653207153819733,0.2166681226089939,0.0012110509520805439,0.35630639469567821,1.1246616372888143,0.43839711504184115,0.59602627770112271,0.096031752633841463,0.0032497605245090638,0.11498771557724058,0.083889729739921759,0.00047156432993513542,-2.4635719338424225,2.4442126412667893,-1.7063992725507591,0.40070688421704265,0.27369569098216218,0.0018206208259260958,0.20033172993868409,0.17098777004124657,0.0011521961231523862,0.33048170947203609,0.87940385128618026,0.47408220768142628,0.3170180495820219,0.36568134374400418,0.0012341409693365799,0.20399109368605209,0.20832514018752984,0.00090719911260154975,1.2540408676249462,1.0402222023059564,1.2009736859071967,0.39896868824735493,0.24757590872832372,0.001751183801732639,0.21924804684683599,0.18364266070478211,0.001106570852038465,0.4222598573982872,1.4137410532993371,0.42708432259626777,0.34726595918786518,0.30425916659343444,0.0013162293466291966,0.20133160627135011,0.16958478057659482,0.00087867026292264775,1.0236776247161736,1.0492737967080563,1.2006817786399229
5764240495,0.45859743864002339,0.15688954881167225,0.0024755909653110786,0.20893706527642364,0.1582462077780015,0.00086139724422056203,-0.52440649082915169,1.0009198311400591,0.11840361170230609,0.46787502024858807,0.16346995746849088,0.0024741932251905489,0.21197862322637612,0.1480599586910713,0.0010265352606756274,-0.67846846542355399,0.82833220021633203,-0.28073207448854193,0.51532106478333961,0.19875118933785307,0.0038989769981240892,0.014981586689798749,0.031506080825169674,1.9204878807268992e-005,0.090503794588668543,0.28513799385477406,-0.7421311553758646,0.39940693849493103,0.098913491781807597,0.0020724179376174429,0.24503951794005674,0.092258912850272351,0.00078060018323249472,0.12845761617143939,2.282968581527403,-0.20699506379921404,0.42745466676437005,0.14590472776776248,0.0018442964792381162,0.22676831421768723,0.12548825834674057,0.0011310072896699326,-0.23566145556476836,1.0181883137530809,0.19424928356453186,0.49892584957200675,0.12199475318757189,0.0033936550479583068,0.11920343254336763,0.049563715613058765,0.00092213091678758482,-0.92499651273813221,1.8965984487518137,-1.5005400575032179,0.32416050003136448,0.087018717980468965,0.0012434380512198091,0.26606109268863809,0.099211386437218232,0.0010324067958364311,0.575932286905386,3.7236734122852471,1.1420549784746004,0.40295839022047153,0.13390899175656268,0.0007973947222422134,0.21951586457549133,0.11602357846063711,0.00084905877926684265,-0.43260117562734773,2.2311437287197977,1.7666582386970779,0.44569145420748563,0.12141129994968934,0.0014923796850955845,0.23789576106075319,0.11423969960687745,0.00089044786881262855,-0.27270075100905239,2.0481982261814422,0.73647330796698252
5764787506,0.58944281652556085,0.52418769582149771,0.0032378449043869014,0.0076257589936189517,0.027047589625095646,0.00014997780314731903,-35.27454337176718,-2.6823993477654695,-0.12344552948577171,0.58099821220520464,0.452112647119985,0.0028423973271792997,0.06422825643308222,0.14509356110382463,0.00078333791148750857,-5.4667183184177119,-1.6487923020455006,-1.5543153373891849,0.58871043210019036,0.52294399337374053,0.0032045650629593972,0.027121536709615784,0.044254436886982669,0.00016146510206587188,-14.666635498278371,-6.191434029861016,-0.94621398466950091,0.46442985065263875,0.27253475569768537,0.0031320854498685245,0.22496123815835281,0.19964790285839201,0.00091327083505778333,-0.73768996908573226,-0.26072354491622179,-1.3903448190708183,0.45958037457450157,0.18515412100895787,0.0023908245606582466,0.23171913938782979,0.17031182342244688,0.0010364760564336932,-0.64206272647319207,0.7270588801810064,0.11971503430260805,0.39845105546992438,0.1914230920537873,0.0027692806211925877,0.25472090415836945,0.20066453909441107,0.0010448008082117109,-0.048578984534409918,0.65740650500911235,-0.77575862606077417,0.36238863151339956,0.081304181905899331,0.002212834635522215,0.25177058120250173,0.087636253522384022,0.0011155384263603907,0.42196607751664938,2.5337752691803566,-0.14178909146241553,0.27559087572392477,0.095441604483069695,0.0014054223520407027,0.23453578494299124,0.12893454653941955,0.0011369560336548779,0.97224490664260022,3.579775744220782,0.77258445326177627,0.31112545359286892,0.11825803537507561,0.0016724644408227709,0.25161851562504267,0.16083401614616388,0.0012209266818425687,0.88282731560849548,3.093152641626999,0.43011236365318523
6716700637,0.46650398179049696,0.26576565126495016,0.0010355492560643819,0.25342534233210279,0.2004472389483288,0.00075832279957257099,-0.60095901425978526,0.74139947779577686,0.59088980193481566,0.46995417238108883,0.27166336422893261,0.0013853334669042109,0.33275954667793323,0.26687055321362646,0.0010145353748998694,-0.035149819805557397,1.2356902870071096,0.55073806188533991,0.45439275776206622,0.19789621331791071,0.00078813042293230393,0.2730850639592769,0.15412404317243616,0.00083129239391401867,-0.46077227987596048,1.1835965646789421,1.6850615303571532,0.42511871886090585,0.27155504330897379,0.00062639595099755021,0.26821792558138774,0.22183523497655647,0.00049771040729040513,-0.4022764774108516,0.59273991983694829,1.0511894168218503,0.55444250249132276,0.24279926779160574,0.00052223774532366059,0.24510367594106461,0.15846930320858249,0.00038171770098012362,-1.34858689927067,1.0470944419764758,1.8943353639324225,0.56246615429082958,0.22772000429059225,0.00055079212942663459,0.21521528071940765,0.13367968976746233,0.00048470461601254796,-1.6283843215531877,1.0652111877760679,3.3775751636782636,0.46166794262255828,0.18896165566700474,0.00076950134744129992,0.25751361405279038,0.16221085404458954,0.00036334942052044681,-0.54808971668872275,1.4386931045532234,0.29459065250922484,0.58512357824761774,0.24783904321952577,0.00033003602803536501,0.20138116284851074,0.14602852266306424,0.00030656594071707852,-2.2643998523780824,0.68335381797717232,1.5424403142339833,0.59955110686921764,0.24220609858572523,0.00031185820549337707,0.19857509310780663,0.12884972713556414,0.00021846460191374319,-2.485704877418411,0.48252602790574778,2.2455954852216258
7172208261,0.44311777292866222,0.11382485672987722,0.0029644335963234358,0.3358979880085437,0.098229365665728957,0.00082095074748564085,0.10946068896837524,0.92145812577665753,-0.35537297248215199,0.51861652842902473,0.23801666339664582,0.0025648400849800036,0.4149427311838067,0.17654958784151098,0.00086055556709264047,-0.08548141205098124,0.25286896759313199,0.37418752747798018,0.77013447234681642,0.35856667635287121,0.00170456559683628,0.28994099178827604,0.11375447292051639,0.00071603320469062332,-1.5657912043820672,-0.75926734619681557,0.61552339368500597,0.3413099208980756,0.1655050737464254,0.0023150205861595416,0.33369523811867924,0.1455972858099539,0.0011615179241675345,0.72259183051892051,1.7248158109922134,-0.015396453881651411,0.42533906774449609,0.23486533585551109,0.0018916916209547675,0.32779422514591083,0.14340703007526701,0.0010229971431076161,0.021310259926120168,0.32046077908652126,0.49323875180342625,0.61405027622065034,0.28306417546528628,0.00098196928591929244,0.11777416246682268,0.12282862839959161,0.00046803952044277938,-1.848695709743184,0.27283857493558067,0.15705740625536588,0.48614130995991095,0.26369594836294313,0.0014529180723196293,0.16243185284023853,0.11132373884873482,0.00066187105846169639,-0.39052033348018672,0.92212915527296979,0.067598006519823242,0.45398436494485145,0.30089979862622179,0.0013664674836150138,0.15505699058760689,0.13764078077184885,0.0006204351136057327,0.091867820243668033,0.68069626467051814,0.40736645534136373,0.41677425723544981,0.33783190937814733,0.00094081952950554441,0.11131384953987114,0.12420721001409761,0.00041998325205652736,0.57404072993183841,0.14345910810702384,1.474341195373126
7237326960,0.56253134095664004,0.13102892747794373,0.0017605250237810873,0.2459409369864636,0.070340401474407871,0.00078516410507920313,-1.0717969905719176,1.2657099553079001,1.1391296319318454,0.53826549097673559,0.075346874889526821,0.00280503074837585,0.25408472764205503,0.080443235485475093,0.00086774993994374167,-0.69236712423132762,3.5345455122395033,-0.43077623666769305,0.50420728156512673,0.10853677973668201,0.0015217991274572747,0.26912899902036641,0.092163230481387332,0.0011614667346087604,-0.63922120433181517,2.7374315590508571,0.70203123561709002,0.62253158779008533,0.16277874427409705,0.0012148158075712882,0.13720556160860367,0.10710434236023816,0.00085828122252863562,-2.3548035788382751,2.4385582512869557,1.1645239030766046,0.56310476242531893,0.16227815583225585,0.0013655595626816885,0.16027863254019969,0.086044876611094737,0.00075913643108172781,-1.7905573122328751,3.0640908847230603,1.279242453611555,0.51336544055372257,0.13269277152258149,0.0011825124139687511,0.23583773974812303,0.07679344916235549,0.00097941308213826857,-1.0001656494817104,0.89448103309504601,1.0196212367707891,0.61767464728486321,0.18562700738712168,0.001097152954894506,0.12570215250492497,0.11061154054454241,0.00096109770885708268,-2.2791710320543928,1.3902702832374052,1.5320694435177347,0.60349509234264676,0.20663956262431227,0.00075791948925389414,0.054491712185109516,0.07205136104600407,0.00039676925347571784,-4.3510983751987151,2.2399117314705066,3.4864167150346774,0.6217733806400354,0.13172517561543537,0.0013072260939726696,0.11615587322947037,0.095824295649410529,0.0010846563736389852,-3.2661389414286752,1.4660079794083336,0.74726469679372109
7237329472,0.24921360922695554,0.39711141394156518,0.00095379891807592545,0.16637859323904847,0.19793004715832715,0.0003553913230291762,1.8958298830794151,-0.73752866480380253,-0.84147182491442618,0.26595413413076191,0.45377905617686815,0.0010386132635877142,0.16432163306140415,0.20257537812484702,0.00032300851335907601,1.9895154472996537,-0.93575788651492098,-0.057095203938976068,0.25604411033996921,0.54359802789720635,0.0010975017734241371,0.12394434038169648,0.15856680179365676,0.000255907268574922,4.0215853405716953,-1.6535898284521389,1.3268551558486934,0.53979034310731067,0.29634430594876504,0.0017125193813142322,0.1886430042644571,0.15131945827240062,0.00086543935208931242,-1.0868384054835831,0.51480987256360455,1.3417816819679236,0.55484126168020309,0.28935233351107603,0.0020988447022001625,0.16541077172597049,0.13452696093777494,0.00088329296585726758,-1.6107355838937349,0.28827615921578209,0.58692203282782252,0.51762211255349566,0.28624254715040809,0.0021485506657784453,0.20532274039450499,0.1442616010885982,0.0010199415418807394,-1.0632402019717302,0.40015594284351941,0.27537296753187129,0.2354418412316876,0.38991758984739999,0.00088498690463940032,0.1662246702275178,0.18975940783148568,0.00066418661755093193,2.9842746675959724,0.2238792106459149,3.1052625559290483,0.24483371786798167,0.4070547840218946,0.0008870401055571061,0.16183852619434552,0.18630075525694884,0.00070480039280460579,2.8047355705907941,0.26600808097045153,2.9703681907173678,0.2512296470754361,0.41892948995136958,0.0009197654206670972,0.15662913324779534,0.18815975656064554,0.00075953156519846792,2.7169505652566701,0.083523285771133285,2.6702919429950809
7237330666,0.4244672281787612,0.2431051707300079,0.0012042551348072775,0.21806998996416088,0.18252363868524576,0.00057858396649651913,0.28477045299849241,0.30321212490473187,0.83977565319500747,0.25613971455647361,0.41844106344482435,0.00089142402795581771,0.024810665377684688,0.070069505453487529,0.00013571621855897701,9.8190505977054805,-0.37533153307295525,0.25183181961029533,0.28841234146373557,0.39557351208791419,0.00086534792504848381,0.096944896632108146,0.088404857123889444,0.0001765082195598705,3.1169076859655949,-0.92834787874258173,-0.24493034857384247,0.31729141823062301,0.16958670283369759,0.0021749002279728281,0.19268516151870396,0.14595472636109558,0.00082692369332106226,0.74473329232369301,1.2314507693168524,-0.53686103898274207,0.34144637699351066,0.29330308650480613,0.0020728114683227824,0.24492025765167083,0.12141997192742178,0.00086155795046981482,0.22146074175280056,0.55662346150126862,-0.14056229631275682,0.43057766279381937,0.20525638616767866,0.0018818407690794805,0.27553318704859853,0.13439323701944111,0.0008668988267252918,0.066802784487140957,0.87620178259036385,0.46542557349504216,0.34631894264030866,0.31047117466491714,0.0008351541389823346,0.15545388990630016,0.15759171118335444,0.00063774213362035844,1.1594396035865397,0.3303500481164961,3.1140328753628008,0.34310857026004166,0.37447227560032403,0.00085906106896413556,0.14874967642572351,0.16968109600185227,0.00068356180150856412,1.341148080684766,0.38333948810120683,3.0478085892502595,0.32726282542594637,0.32276615847120765,0.00078985014792085735,0.15895462695785315,0.15931526507594845,0.00064419894599423186,1.8304351633101876,0.12798162376289682,3.4711605553813092
7237331894,0.28886411572440951,0.43548674617468641,0.00079411358578211665,0.10701855884652703,0.13010558184354806,0.00019034739970033405,2.4027462264060166,-1.2440548823200026,-0.28224546626262204,0.2774281643388094,0.46811782045209555,0.0008129421150765301,0.06702197988648427,0.10885338207549283,0.00016908993638825028,5.4490345497626045,-1.4680476325450171,0.70600361243654841,0.30188406193064726,0.40456506418768218,0.0007952733058609082,0.14760042442915539,0.17041669510517213,0.00025216729469422619,1.8142282874917102,-1.0531549859456202,0.079406959306487571,0.22847222539827114,0.1782332352670605,0.001959629106175963,0.2161807021000306,0.12628855618770621,0.00078242989626156666,1.5025162618996803,1.6088174577857786,-0.40480261711998394,0.52296487208542375,0.16225301212779397,0.0021036446798180018,0.24072178290756746,0.16703199937414384,0.00077149534954091192,-0.78402145411508328,0.9206340373912022,-0.65136130665535563,0.29887460775390312,0.18943768429703137,0.0020518164736207148,0.25027116268699662,0.15189305978873052,0.00083832216069724204,0.81240721608732247,1.3675405780422076,-0.2662221987366104,0.32696129741586882,0.3327601633467891,0.00059772830240452553,0.16281683583124165,0.18242681126358079,0.00059949731844267831,1.2310550666440678,0.25105310815826859,3.6667216441217407,0.31703958250057468,0.35477939451214457,0.00060222503804070271,0.14115464778283057,0.16526878648498952,0.00063221012868916666,1.7657261805840627,0.40855393556298747,3.8063618617899788,0.30628933234606326,0.33755582423946967,0.00061718813457453713,0.15322799932429118,0.17662223382199851,0.00061797125411578661,1.7911904402469161,0.37839390941800688,3.5689547123043464
7237333486,0.41946221690316071,0.10733648730270144,0.0026380955862046898,0.36963109240864084,0.083168592724444101,0.00086699406319443964,0.26415392535254639,1.5372170612804932,-0.55024517510289062,0.4728701802138518,0.26191640396718013,0.0020392752516638873,0.39029150931393691,0.19842513899493963,0.00085865681474586199,0.23558718309209931,0.39465661153279324,0.27023401915974471,0.59757568356550239,0.31107706062995366,0.0018196761628338084,0.34703733801531034,0.15884863164120711,0.00069598819644067918,-0.23741225324643903,-0.17827400417781764,0.17324792253828675,0.41989141071103053,0.24550941121665218,0.0019470725416190918,0.26150584538985561,0.16979511144628917,0.00087349947265428433,0.23196019068405635,0.84457149425186329,-0.4143719750315199,0.49450486972689028,0.26340431910114165,0.0013119755312601582,0.27197896834487401,0.22036400827181724,0.00083562491335922103,-0.32518843874696313,1.2820313085923063,0.43993286038151258,0.49445493700958076,0.2448407433641078,0.0012921131814596903,0.19317371158816074,0.15196492622898336,0.00081800906009521317,-0.65026060858662227,0.99615057575070398,0.53785850305487515,0.27818425061254731,0.52121556807182834,0.0017704322822749716,0.015139662406400167,0.12220620456244899,0.00031124744896776239,0.38380140892740955,0.17106515321178037,-0.015486418848494679,0.27251933572022502,0.52455598621857269,0.0018132119643401942,0.013990103624525104,0.11994764766851576,0.00026842802516769115,0.60484670436102261,0.14517646669851725,-0.10753344972794952,0.27111552505071645,0.54531481610583843,0.0018113771698498077,0.01240610554355579,0.11529396106466532,0.00027775445032033236,3.0692980682370314,0.1333776842321226,-0.1852172186527237
7237334712,0.54455069320242822,0.34652548421878548,0.0019572541619060717,0.41249940093732107,0.17398820494237727,0.00067658863935040031,-0.053873176584603139,-0.53716131101413267,0.94263531060044847,0.61323587766743159,0.27054935359493654,0.0021116314057612077,0.37461486452008919,0.14850676340686023,0.00052474799558550954,-0.49086461765499789,-0.01322927485838327,-0.078204929390530004,0.56010964226699844,0.33839174165773539,0.0020422056883142256,0.42752019395021484,0.13263596097360181,0.00062299109894817185,-0.10588632119396008,-0.60346450067884916,-0.30294959956866468,0.37481111780415732,0.17905672366252418,0.00098598408340610805,0.26664627853721973,0.16704078795719682,0.00069409767593979423,0.25052105673797498,1.4995058552264255,0.96622360826006903,0.46803624300634405,0.10967937536746301,0.0015728954013715338,0.25037168420036926,0.061338290475107859,0.00057610914461310111,-0.78308735071697255,0.25414221957239591,0.14221232560650385,0.35286333114090102,0.21413535964477182,0.0012183509231732427,0.24819751428710679,0.18033687287795236,0.00069981992827945132,0.70478333222698586,1.0944728876177841,0.51450657290178936,0.28568177348320245,0.5804727021184789,0.0017409925398862395,0.12450822599206836,0.18116478820949511,0.00029095378063139453,3.4456069405572771,-1.7529807121585534,0.30718210622761649,0.33053543386607526,0.39348618835194105,0.0015331246739696935,0.24107538335187162,0.26355357815973662,0.00057385084409544555,1.3317111830341852,-0.13503190831002168,-0.34129866740281828,0.61199417670643441,0.087901895565511895,0.0019777676697116183,0.23227237715808191,0.064754732937955972,0.00070234452285164776,-1.2905803820305395,2.9533024113650073,-1.1362383778312688
7237336406,0.40869632030014852,0.13645360019066027,0.0025167857071945986,0.38173719394170136,0.11999112375934194,0.00093381491870859047,0.37867343448188012,2.3951855251919461,-0.4815298210214915,0.65564246648745905,0.28970588213102871,0.0020770397084544285,0.3121435151391066,0.14674748755579076,0.0005733163680293902,-0.67350364892640213,0.19381360683913279,0.090277771771179918,0.44798335624118707,0.33917443598822616,0.0014752767534336108,0.33530613211197668,0.22959541713857112,0.0008034262985326001,0.47960876163573291,0.82450767674775405,0.22732468820920282,0.50608526023448752,0.20746686669831277,0.0019137615001813761,0.24409683429464279,0.1820145158190315,0.0010984262577261646,-0.42483759017287032,1.4505919825781892,0.021829155463132941,0.47601115535314387,0.29632084183019841,0.0017184646389165083,0.2001194274354503,0.20522855551484692,0.00076694636692090242,-0.24712027038438086,0.75751708673615381,0.59008562841256251,0.32441419511133979,0.34525606672184628,0.0012849869948900184,0.20012969677450307,0.21230827297663363,0.00050550167791764075,1.1892664941241395,0.068395677335857871,0.32894276887886442,0.24941469205936276,0.3442830498272163,0.0013963805903471653,0.052931944111668176,0.14794180039365454,0.00036305145786253627,1.218467694305241,0.65207159702267026,0.29941254003406992,0.2356188321290571,0.43310146313947467,0.0011899535750966115,0.058423766650767497,0.17595043354999318,0.00036154702155835529,1.0800950596128212,0.43088006460899919,0.34530882930804674,0.20652775821032637,0.46062276612513231,0.0011772341082249113,0.067783040039457162,0.13844222225500458,0.00028924647798693893,2.7463340693897091,0.45005352214820304,0.45488955832544065
